{"last_download_success": 1690298568.531519, "last_download_failure": 1690298571.5215545}